.35,,.4,,.45,,.5,,.55,,.6,,.65,,.7,,.75,,.8,,.85,,.9,,1.0,,1.3,,2.0,,4.0,
X,Y,X,Y,X,Y,X,Y,X,Y,X,Y,X,Y,X,Y,X,Y,X,Y,X,Y,X,Y,X,Y,X,Y,X,Y,X,Y
0.007327984827359857,6.241323990551038,0.012932854203058175,4.683374492251708,0.010761481677607765,3.8411683895706688,0.21011669448203657,6.422397937029984,0.2662503015461298,6.4479430560981115,0.3135543409532991,5.8236207188585,0.3134621477601403,4.710980581993603,0.31338060095538073,3.7268271439804224,0.4212340360282351,4.79731612578319,0.4010954988799765,3.956447758630439,0.4178420940837651,3.550068375061116,0.5161487912335105,4.400376137562006,0.49970888204499436,3.0126666335277292,0.5318330031620675,2.3667817678372103,0.5074527413681205,1.217235877046818,0.6227607754407523,0.6649025412915108
0.022239243070262205,7.091173896892137,0.040315753483846306,5.434792240000611,0.04628908929233122,4.253075857362468,0.23019155033538968,7.234838656578965,0.2909025478218245,7.2163857796162105,0.34093604291989027,6.560588594700064,0.3431111259577157,5.3339787544511665,0.34530594094923767,4.34550540681569,0.4501251758228955,5.433205683118899,0.4266661600978095,4.129268969330212,0.44884811253501705,4.111519684969615,0.547215837084674,4.8372461012109085,0.5288732748272544,3.2827620770713466,0.5652418769295451,2.571756780766002,0.5408524033669124,1.3110380016074359,0.6561543591823376,0.6853487845928115
0.04904537375015727,10.040736868778936,0.058581040435803144,6.05667372049912,0.07972861861789443,4.828019662729545,0.2598217065131658,8.33521411418051,0.301585398213606,7.91827284875572,0.3587741079029793,7.260178817646192,0.36753211800758484,5.957423061279741,0.36849793662812963,4.8927542345745465,0.4788684721234558,5.950093341072034,0.4607027251277162,4.8642590627647095,0.48344510316814465,4.564724446066641,0.5806497034376843,5.343845917827075,0.5622967213107679,3.663608954385822,0.5986518832915333,2.790400591444957,0.5742520653657042,1.4048401261680752,0.6895503591255454,0.7349551297611967
0.04359110354890644,8.327915326663913,0.07381441718679749,6.723403502758671,0.1131843062918082,5.597971649332557,0.2782292012297857,9.968807984692148,0.3299928770058039,8.823010571840335,0.3774767972304616,7.927214520617291,0.3940661228711208,6.640473767741831,0.3957892842496496,5.455166071218606,0.5040372570022622,6.624439188086669,0.4931343267778285,5.486846764480312,0.5128348361751904,5.111976279695384,0.6140898368136534,5.926079748660911,0.5957210738698897,4.0553908699004495,0.6320630222480319,3.0227131998741186,0.6076530864779088,1.5150448080289252,0.7229463968219034,0.785017101521241
0.05678985839728956,30.234256755987737,0.09019376897382281,7.482037440057923,0.14169872142170792,6.266791821986139,0.2698226987914641,9.26243394284674,0.3420493871761235,9.529728096470478,0.3942221107085246,8.523024125438845,0.4160234221852814,7.333495645197644,0.4221242520775433,6.382033821946443,0.5276931706736403,7.358427369570194,0.5193265845612844,6.116128771947679,0.5472842004893308,5.6622947334119615,0.6477806632428984,6.480847839015475,0.6291447468723053,4.4389715067649576,0.6654762753809507,3.2805408974369428,0.6410545606279174,1.6307170089898548,0.7563423590119607,0.8341678200979388
0.060403724781631585,28.053869939868694,0.10428674736842392,8.12416562381916,0.15883348489307664,6.9832473479896535,0.29425127423574465,10.995056573665565,0.359813815409924,10.503665192990617,0.40793507892551145,9.158431477965031,0.43448136731584514,7.954411631251894,0.416777296045126,5.964340991696631,0.552032736081634,8.016826019601012,0.547370801182484,6.7074413844970735,0.5792084607430876,6.2679420757253865,0.680975766538144,7.158891399079508,0.6625714401267488,4.859002270963288,0.6988915671839879,3.5629724309501043,0.6744565633220312,1.7527679822342037,0.7882199337199929,0.8763873191488116
0.06302633636037924,23.06937198029257,0.12097074110102424,10.01524867427046,0.17767556879075214,7.905212490022265,0.3123270119232408,12.992916529494302,0.35032649906408225,9.982959936473918,0.43077010244183994,9.976995404700098,0.4564522155037181,8.520189748349821,0.44567703223212146,6.703976723956224,0.5757174253891235,8.622307058208477,0.57018481960102,7.272503788157245,0.6081003019073856,6.912296162630824,0.7058652061495452,7.792454672010216,0.6959950376228639,5.241671654644449,0.732307765062634,3.856339002663404,0.707860076142159,1.8930440191454423,,
0.04821678132920926,9.19972833316777,0.11193909683041253,8.887908884491722,0.203791887450615,10.023390238223328,0.3034310035756744,11.87425642628692,0.3747357049399654,11.48181954754677,0.439942811394696,10.771469214466947,0.4701656266910024,9.160943119551625,0.4676300511480282,7.345340309343314,0.5931188829701672,9.286337252912368,0.5960423607300125,7.932864290354033,0.6348702968897564,7.593969231467831,0.7387407400833432,8.221811284128108,0.7294214288521046,5.658057406109407,0.7657248690168883,4.160640612576849,0.7412626073803774,2.0214737646732033,,
0.06347963142535251,32.203563162849576,0.11956737164775266,9.361105576605873,0.19237870793836448,8.833763359403811,0.32637853601042893,14.050642271397834,0.3854203264938291,12.205082012787031,0.45061770342238355,11.377310198081837,0.4893457643779349,9.833064103457154,0.48608391330534423,7.9169806411165595,0.6174647919141707,10.021293320386661,0.6218984773067986,8.576032482491712,0.6613288356327276,8.180377740947876,0.7691590034390203,8.970064054302718,0.762851217864877,6.115449550824906,0.7930681922094933,4.4344315132264995,0.7746667997572114,2.1699510802345685,,
0.05761852926089445,31.076211982406043,0.13638657810856053,10.84869792175548,0.21457234843285394,11.070668755775728,0.33859635884318523,14.959617321785004,0.3999009760791354,12.946388511485914,0.46239899004474944,12.25158440179964,0.5006272988886191,10.433078599307237,0.5159272368706718,8.850134592375852,0.6372654926594077,10.855589273954529,0.6416748664614242,9.11692226822582,0.6887062806619513,8.865970464102674,0.7950101819037403,9.5536362882496,0.7917191696745913,6.471493255555195,,,0.7959249946698332,2.2762829360662096,,
0.061492215522610305,28.97850715434462,0.14405941296926073,11.859670680020997,0.23361649186541106,11.933317023232505,0.3488699296691042,18.04921934147392,0.4052800336152968,13.751500632635086,0.4906005861150085,13.986267929326871,0.5123215871898386,11.129685281696815,0.5446049780616307,9.963580618774778,0.6548853340320857,11.538366062049008,0.6675425856599748,9.900117529887154,0.7168532138773296,9.679268043534186,,,,,,,,,,
0.06102338881158237,11.108547462318853,0.154358021504716,14.030252981420475,0.2367100362416456,12.63230516818249,0.34292698874219046,15.93419121070827,0.41750587144187273,14.757205208434385,0.476562018909021,13.084913233685427,0.5265480410385119,11.856185136594704,0.568963056104431,10.845400324298247,0.673808287797421,12.246845071627327,0.6934083826838418,10.660114889081036,0.7465100512321097,10.39711501608381,,,,,,,,,,
0.06338327352037915,27.377093591262756,0.15020256460535042,12.727388742532199,0.24436302049589093,13.403709464546473,0.3455788956869496,16.798597437431248,0.42514722772580976,15.388276514563145,0.5007104062468151,15.099633000643877,0.5402708079957841,12.609849286164334,0.5841961338504746,11.508521543951751,0.6925897735741364,12.992563418885744,0.717770639461055,11.592365949351375,0.7705516243906096,11.122740230649462,,,,,,,,,,
0.06532066542024395,14.122972992825886,0.15480830872226758,13.358630908632847,0.24947885282051657,14.085042079069126,0.3732924365191868,23.3721700224535,0.4378479376214463,16.019063054072113,0.5161190828428979,16.835247966852265,0.5524691421129981,13.28362338097871,0.5994285139182995,12.163222784191142,0.7057970556007456,13.631006383578956,0.7436414873171082,12.413319637559766,0.7951924918667885,11.75385709943739,,,,,,,,,,
0.06515309806240804,12.100674365686302,0.1714941643143994,31.554705333648386,0.255111833191967,14.901667314656628,0.3628999906023515,20.418015753835633,0.4419689258945409,16.905940214763156,0.5117046996344308,15.896624798224849,0.5636688649536066,14.117476997063832,0.6126447190278381,12.909354612581517,0.7195158892190818,14.3372007512476,0.763430750296004,13.109578091054281,,,,,,,,,,,,
0.06636655982101153,26.74542427523242,0.16101159357623734,14.952071006360434,0.2621706795796525,15.829810955444302,0.35717307962235384,19.34006019126182,0.4511498907063159,17.800050447597005,0.5178056583496873,16.255134581882565,0.5727756845042722,14.989037781704454,0.6394835576589084,14.727169449211445,0.733228639906012,14.969982826745564,0.7870166938965126,13.831756409092044,,,,,,,,,,,,
0.06782705662228761,26.053697679087218,0.16462512377776434,15.820599704515985,0.26893654066648803,16.88560787810976,0.35105816141008933,18.813079220857446,0.4650842333294582,21.107130633267854,0.531606694598938,17.95339727235687,0.5906235284521866,15.806646140146015,0.6283905926375337,13.655243819811815,0.7469457886551809,15.655843230522983,0.799968087407138,14.434963301473815,,,,,,,,,,,,
0.06623983867520256,25.216081075526226,0.16946289731852754,18.0309164415976,0.2775225674966035,17.92680120913445,0.3679564795974592,21.25543708885734,0.4610441247090235,19.975166233583632,0.5392524113717405,18.63709344982384,0.5997796453988384,16.40087813789389,0.6375341818304605,14.098283726889619,0.7591443007515324,16.331765279269533,,,,,,,,,,,,,,
0.06766260389935574,24.06898824576064,0.1677432391626859,16.816124822879665,0.2835595913596057,28.50441059971191,0.37105493817543106,22.01373262849006,0.4542502180652301,18.58089950351753,0.5543218373009702,20.98873834155464,0.6155927951224607,17.958693931485065,0.6682642885194598,15.993206244994688,0.7820347563555932,17.819315316235624,,,,,,,,,,,,,,
0.06749815117642388,22.084278812434064,0.17552269030682982,19.986081744929848,0.27981658331318643,19.967323760874464,0.3741459216296334,22.68181410297158,0.47041653772377784,22.36565670945398,0.5443704816192232,19.34543459619733,0.6059040261685733,17.042058659025393,0.6573557776859789,15.184753811395318,0.7713378294320377,16.947544617915273,,,,,,,,,,,,,,
0.06867147863954992,17.926828546729954,0.17046228577069983,19.10140542340037,0.27667881112131504,18.73456906377983,0.39313864886694966,25.9769151061697,0.4588516709073907,19.160352113698035,0.5515155002317684,20.09236478362666,0.6341211330421801,19.719909632056165,0.6848216368180111,16.937378449588575,0.8018297491840509,18.58472486844345,,,,,,,,,,,,,,
0.06754810398764627,16.58119236154839,0.18292885987352486,30.862954328935775,0.28141495461954674,20.939545477518216,0.3849962022094712,25.404344355967588,0.4881246049557219,24.403952892478962,0.563066464899981,22.11223272426156,0.6288197893273069,18.835034727243677,0.6955062188209558,17.6601635917328,,,,,,,,,,,,,,,,
0.06548781749342597,16.140259727457064,0.18183194902430905,28.092142573569205,0.2853057802721915,23.933445030070388,,,0.48197756810098163,23.489345791166944,0.5805905280711616,22.947520343682086,0.6487082460120979,20.728419505601845,0.7062100045930455,18.614710793507918,,,,,,,,,,,,,,,,
0.0674310398579947,15.168395551124839,0.17517461961544317,21.019033333323794,0.2831063496883737,23.034431116043663,,,,,,,0.6630510942615206,21.638444395593996,0.7214728212506842,19.636738191953892,,,,,,,,,,,,,,,,
0.0652403078397204,13.1531717924504,0.1774442293506729,30.0921439743788,0.28305153211406303,22.3728613049348,,,,,,,,,0.7374069737163498,20.6195690472218,,,,,,,,,,,,,,,,
0.06923060009960463,24.6746258246471,0.18086991246043344,28.693626627901217,0.28299746205212944,21.720312900341064,,,,,,,,,0.7275818364882256,20.09247869027458,,,,,,,,,,,,,,,,
0.06896263471037706,21.44066638436951,0.1776640335853275,26.638921559428912,0.2865207014597216,27.605106223732996,,,,,,,,,,,,,,,,,,,,,,,,,,
0.06891005967319735,20.80616079280601,0.17709165267953858,25.837047234746816,0.28682480847911146,25.169297987988397,,,,,,,,,,,,,,,,,,,,,,,,,,
0.07036903376407588,20.096057257463343,0.177036835105228,25.175477423637957,,,,,,,,,,,,,,,,,,,,,,,,,,,,
0.06880017535378374,19.48001403508325,0.1769820175309174,24.5139076125291,,,,,,,,,,,,,,,,,,,,,,,,,,,,
0.06874436109630383,18.80641568195423,0.17692719995660672,23.85233780142024,,,,,,,,,,,,,,,,,,,,,,,,,,,,
,,0.17687238238229613,23.19076799031138,,,,,,,,,,,,,,,,,,,,,,,,,,,,
,,0.1768188106619471,22.544233856727722,,,,,,,,,,,,,,,,,,,,,,,,,,,,
,,0.17676025552575164,21.83755701304326,,,,,,,,,,,,,,,,,,,,,,,,,,,,
